sku,store_view_code,visibility
24-MB01,venia_us,Not Visible Individually
24-MB02,venia_us,Not Visible Individually
24-MB03,venia_us,Not Visible Individually
24-MB04,venia_us,Not Visible Individually
24-MB05,venia_us,Not Visible Individually
24-MB06,venia_us,Not Visible Individually
24-MG01,venia_us,Not Visible Individually
24-MG02,venia_us,Not Visible Individually
24-MG03,venia_us,Not Visible Individually
24-MG04,venia_us,Not Visible Individually
24-MG05,venia_us,Not Visible Individually
24-UB02,venia_us,Not Visible Individually
24-UG01,venia_us,Not Visible Individually
24-UG02,venia_us,Not Visible Individually
24-UG03,venia_us,Not Visible Individually
24-UG04,venia_us,Not Visible Individually
24-UG05,venia_us,Not Visible Individually
24-UG06,venia_us,Not Visible Individually
24-UG07,venia_us,Not Visible Individually
24-WB01,venia_us,Not Visible Individually
24-WB02,venia_us,Not Visible Individually
24-WB03,venia_us,Not Visible Individually
24-WB04,venia_us,Not Visible Individually
24-WB05,venia_us,Not Visible Individually
24-WB06,venia_us,Not Visible Individually
24-WB07,venia_us,Not Visible Individually
24-WG01,venia_us,Not Visible Individually
24-WG02,venia_us,Not Visible Individually
24-WG03,venia_us,Not Visible Individually
24-WG084,venia_us,Not Visible Individually
24-WG085_Group,venia_us,Not Visible Individually
24-WG088,venia_us,Not Visible Individually
24-WG09,venia_us,Not Visible Individually
MH01,venia_us,Not Visible Individually
MH02,venia_us,Not Visible Individually
MH03,venia_us,Not Visible Individually
MH04,venia_us,Not Visible Individually
MH05,venia_us,Not Visible Individually
MH06,venia_us,Not Visible Individually
MH07,venia_us,Not Visible Individually
MH08,venia_us,Not Visible Individually
MH09,venia_us,Not Visible Individually
MH10,venia_us,Not Visible Individually
MH11,venia_us,Not Visible Individually
MH12,venia_us,Not Visible Individually
MH13,venia_us,Not Visible Individually
MJ01,venia_us,Not Visible Individually
MJ02,venia_us,Not Visible Individually
MJ03,venia_us,Not Visible Individually
MJ04,venia_us,Not Visible Individually
MJ06,venia_us,Not Visible Individually
MJ07,venia_us,Not Visible Individually
MJ08,venia_us,Not Visible Individually
MJ09,venia_us,Not Visible Individually
MJ10,venia_us,Not Visible Individually
MJ11,venia_us,Not Visible Individually
MJ12,venia_us,Not Visible Individually
MP01,venia_us,Not Visible Individually
MP02,venia_us,Not Visible Individually
MP03,venia_us,Not Visible Individually
MP04,venia_us,Not Visible Individually
MP05,venia_us,Not Visible Individually
MP06,venia_us,Not Visible Individually
MP07,venia_us,Not Visible Individually
MP08,venia_us,Not Visible Individually
MP09,venia_us,Not Visible Individually
MP10,venia_us,Not Visible Individually
MP11,venia_us,Not Visible Individually
MP12,venia_us,Not Visible Individually
MS01,venia_us,Not Visible Individually
MS02,venia_us,Not Visible Individually
MS03,venia_us,Not Visible Individually
MS04,venia_us,Not Visible Individually
MS05,venia_us,Not Visible Individually
MS06,venia_us,Not Visible Individually
MS07,venia_us,Not Visible Individually
MS08,venia_us,Not Visible Individually
MS09,venia_us,Not Visible Individually
MS10,venia_us,Not Visible Individually
MS11,venia_us,Not Visible Individually
MS12,venia_us,Not Visible Individually
MSH01,venia_us,Not Visible Individually
MSH02,venia_us,Not Visible Individually
MSH03,venia_us,Not Visible Individually
MSH04,venia_us,Not Visible Individually
MSH05,venia_us,Not Visible Individually
MSH06,venia_us,Not Visible Individually
MSH07,venia_us,Not Visible Individually
MSH08,venia_us,Not Visible Individually
MSH09,venia_us,Not Visible Individually
MSH10,venia_us,Not Visible Individually
MSH11,venia_us,Not Visible Individually
MSH12,venia_us,Not Visible Individually
MT01,venia_us,Not Visible Individually
MT02,venia_us,Not Visible Individually
MT03,venia_us,Not Visible Individually
MT04,venia_us,Not Visible Individually
MT05,venia_us,Not Visible Individually
MT06,venia_us,Not Visible Individually
MT07,venia_us,Not Visible Individually
MT08,venia_us,Not Visible Individually
MT09,venia_us,Not Visible Individually
MT10,venia_us,Not Visible Individually
MT11,venia_us,Not Visible Individually
MT12,venia_us,Not Visible Individually
WB01,venia_us,Not Visible Individually
WB02,venia_us,Not Visible Individually
WB03,venia_us,Not Visible Individually
WB04,venia_us,Not Visible Individually
WB05,venia_us,Not Visible Individually
WH01,venia_us,Not Visible Individually
WH02,venia_us,Not Visible Individually
WH03,venia_us,Not Visible Individually
WH04,venia_us,Not Visible Individually
WH05,venia_us,Not Visible Individually
WH06,venia_us,Not Visible Individually
WH07,venia_us,Not Visible Individually
WH08,venia_us,Not Visible Individually
WH09,venia_us,Not Visible Individually
WH10,venia_us,Not Visible Individually
WH11,venia_us,Not Visible Individually
WH12,venia_us,Not Visible Individually
WJ01,venia_us,Not Visible Individually
WJ02,venia_us,Not Visible Individually
WJ03,venia_us,Not Visible Individually
WJ04,venia_us,Not Visible Individually
WJ05,venia_us,Not Visible Individually
WJ06,venia_us,Not Visible Individually
WJ07,venia_us,Not Visible Individually
WJ08,venia_us,Not Visible Individually
WJ09,venia_us,Not Visible Individually
WJ10,venia_us,Not Visible Individually
WJ11,venia_us,Not Visible Individually
WJ12,venia_us,Not Visible Individually
WP01,venia_us,Not Visible Individually
WP02,venia_us,Not Visible Individually
WP03,venia_us,Not Visible Individually
WP04,venia_us,Not Visible Individually
WP05,venia_us,Not Visible Individually
WP06,venia_us,Not Visible Individually
WP07,venia_us,Not Visible Individually
WP08,venia_us,Not Visible Individually
WP09,venia_us,Not Visible Individually
WP10,venia_us,Not Visible Individually
WP11,venia_us,Not Visible Individually
WP12,venia_us,Not Visible Individually
WP13,venia_us,Not Visible Individually
WS01,venia_us,Not Visible Individually
WS02,venia_us,Not Visible Individually
WS03,venia_us,Not Visible Individually
WS04,venia_us,Not Visible Individually
WS05,venia_us,Not Visible Individually
WS06,venia_us,Not Visible Individually
WS07,venia_us,Not Visible Individually
WS08,venia_us,Not Visible Individually
WS09,venia_us,Not Visible Individually
WS10,venia_us,Not Visible Individually
WS11,venia_us,Not Visible Individually
WS12,venia_us,Not Visible Individually
WSH01,venia_us,Not Visible Individually
WSH02,venia_us,Not Visible Individually
WSH03,venia_us,Not Visible Individually
WSH04,venia_us,Not Visible Individually
WSH05,venia_us,Not Visible Individually
WSH06,venia_us,Not Visible Individually
WSH07,venia_us,Not Visible Individually
WSH08,venia_us,Not Visible Individually
WSH09,venia_us,Not Visible Individually
WSH10,venia_us,Not Visible Individually
WSH11,venia_us,Not Visible Individually
WSH12,venia_us,Not Visible Individually
WT01,venia_us,Not Visible Individually
WT02,venia_us,Not Visible Individually
WT03,venia_us,Not Visible Individually
WT04,venia_us,Not Visible Individually
WT05,venia_us,Not Visible Individually
WT06,venia_us,Not Visible Individually
WT07,venia_us,Not Visible Individually
WT08,venia_us,Not Visible Individually
WT09,venia_us,Not Visible Individually